{
  "welcomeFile": "/webapp/index.html",
  "routes": [
    {
      "path": "/resources",
      "target": {
        "type": "service",
        "name": "sapui5",
        "entryPath": "/resources"
      },
      "description": "SAPUI5 Resources"
    },
    {
      "path": "/test-resources",
      "target": {
        "type": "service",
        "name": "sapui5",
        "entryPath": "/test-resources"
      },
      "description": "SAPUI5 Test Resources"
    },
    {
    "path": "/ml-dest",
		"target": {
			"type": "destination",
			"name": "sapui5ml-api"
		},
	    "description": "ML API destination"
	},
	{
    "path": "/token",
		"target": {
			"type": "destination",
			"name": "mltoken",
			 "entryPath": "/token"
		},
	    "description": "ML API destination"
	},
	{
    "path": "/devices",
		"target": {
			"type": "destination",
			"name": "iot",
			 "entryPath": "/devices"
		},
	    "description": "iot devices"
	}
  ],
  "sendWelcomeFileRedirect": true,
  "headerWhiteList": [
  	"APIKey",
  	"Authorization"
  	]
}
